{
    "version": 2,
    "builds": [
        {
            "src": "/public/**",
            "use": "@vercel/static",
            "config": {
                "maxAge": 604800
            }
        },
        {
            "src": "/*",
            "use": "@vercel/static"
        }
    ],
    "routes": [
        {
            "src": "/(.*\\.(js|css|png|jpg|jpeg|gif|svg|ico))",
            "dest": "/public/$1"
        },
        {
            "src": "/(.*\\.(html))",
            "dest": "/$2"
        }
    ]
}